{
    "model_name": "K-Nearest Neighbors (KNN)",
    "best_k": 1,
    "accuracy": 0.9666666666666667,
    "precision": 0.9696969696969696,
    "recall": 0.9666666666666667,
    "f1_score": 0.9665831244778613,
    "total_samples": 150,
    "training_samples": 120,
    "testing_samples": 30,
    "total_features": 4,
    "total_classes": 3
}